{
    "101": [
        -51.09106682,
        -51.21963024,
        -51.52917994,
        -51.82520263,
        -52.09711253,
        -52.34341824,
        -51.1382889,
        -51.22878494,
        -51.49524295,
        -51.75147665,
        -51.98752414,
        -52.20049508,
        -51.18541303,
        -51.27933905,
        -51.55219208,
        -51.81413001,
        -52.05551865,
        -52.27405118,
        -51.38425458,
        -51.65227873,
        -51.90929599,
        -52.14668141,
        -52.36271611,
        -51.48954197,
        -51.75403611,
        -52.00739294,
        -52.24195434,
        -52.45661815
    ],
    "104": [
        -64.10557103,
        -62.70187213,
        -61.09574859,
        -60.22613112,
        -59.60332623,
        -59.16311385,
        -63.47220486,
        -62.63088502,
        -61.22101603,
        -60.40246578,
        -59.7857998,
        -59.33035405,
        -62.99139045,
        -62.27783047,
        -61.01513407,
        -60.25395869,
        -59.6770489,
        -59.24979879,
        -61.69603742,
        -60.69865184,
        -60.05027288,
        -59.54581497,
        -59.1649139,
        -61.24299248,
        -60.42291347,
        -59.86224907,
        -59.41854223,
        -59.07917817
    ]
}