{
    "101": [
        -50.98355035,
        -51.00222441,
        -51.01541875,
        -51.14022283,
        -51.2929993,
        -52.42490458,
        -53.60713099,
        -54.72016082,
        -55.85544458
    ],
    "104": [
        -69.46446253,
        -66.64461801,
        -65.96382068,
        -63.4500658,
        -62.19202114,
        -59.25019449,
        -58.40477435,
        -58.33636641,
        -58.64061225
    ]
}