{
    "101": [
        -136.96746322,
        -137.03485457,
        -137.08251813,
        -137.53531377,
        -138.09435851,
        -142.33942613,
        -146.46398223,
        -149.92147468,
        -153.34224006
    ],
    "104": [
        -225.23594916,
        -210.94455558,
        -208.15317418,
        -199.11023213,
        -195.08112382,
        -185.78982574,
        -178.90762072,
        -175.00004169,
        -173.15607191
    ]
}