{
    "101": [
        -51.82263024,
        -51.70887538,
        -51.5934989,
        -52.28722691,
        -51.93644949,
        -51.5934989,
        -52.48947365,
        -52.03183953,
        -51.5934989,
        -52.31825886,
        -52.23952498,
        -52.15988211,
        -52.79979392,
        -52.47639976,
        -52.15988211,
        -53.03054267,
        -52.58605947,
        -52.15988211,
        -53.60713099,
        -53.60713099,
        -53.60713099,
        -54.1226447,
        -53.86213302,
        -53.60713099,
        -54.41761794,
        -54.00426584,
        -53.60713099
    ],
    "104": [
        -60.21789691,
        -60.51293781,
        -60.87831994,
        -59.26409901,
        -59.68762134,
        -60.87831994,
        -59.91436897,
        -60.10941866,
        -60.87831994,
        -59.37409385,
        -59.48889926,
        -59.61659481,
        -58.95256285,
        -59.16627262,
        -59.61659481,
        -59.51607744,
        -59.49271469,
        -59.61659481,
        -58.40477435,
        -58.40477435,
        -58.40477435,
        -58.48664604,
        -58.43552849,
        -58.40477435,
        -58.90828945,
        -58.64781423,
        -58.40477435
    ]
}