{
    "104": [
        -521.42481143,
        -521.67039198,
        -522.05455968,
        -522.458298,
        -522.84710379,
        -524.15694226,
        -525.1553626,
        -525.95453285,
        -526.61953085,
        -527.90598636
    ],
    "101": [
        -157.54536922,
        -157.88710333,
        -158.39613631,
        -158.91591023,
        -159.41068091,
        -161.06275289,
        -162.31629076,
        -163.31820313,
        -164.15131165,
        -165.76201206
    ]
}