{
    "104": [
        -41.9297487,
        -39.2537896,
        -38.53121418,
        -35.73207423,
        -34.2333554,
        -30.13441041,
        -25.78016948,
        -21.93364422,
        -19.26145164
    ],
    "101": [
        -10.32025747,
        -10.32445046,
        -10.32742335,
        -10.35597622,
        -10.39204639,
        -10.70796898,
        -11.15813451,
        -11.66460029,
        -12.20466936
    ]}